{
  "login": "http://localhost:9090/login",
  "logout": "http://localhost:8080/logout",
  "environment": "http://localhost:9090/environment",
  "updatePassword": "http://localhost:9090/change-password",
  "resetPassword": "http://localhost:9090/reset-password",
  "services": "./jsons/services.json",
  "request": "http://localhost:8080/request",
  "refDataRequest": "http://localhost:8080/ref-data-request",
  "refDataTemplatedQueryRequest": "http://localhost:8080/ref-data-templated-query-request",
  "tlSearch": "http://localhost:8080/tl-search",
  "history": "http://localhost:8080/user-query-history",
  "completeTotpSetup": "http://localhost:8080/complete-totp-setup",
  "validateTotpCode": "http://localhost:8080/validate-totp-code",
  "refDataServices": "http://localhost:8080/ref-data-services",
  "logRefDataRequest": "http://localhost:8080/log-ref-data-request",
  "capabilities": "./jsons/capabilities.json",
  "appConfigServices": "http://localhost:8080/app_config_services",
  "s3FolderItems": "http://localhost:8080/s3_folder_items",
  "s3FileData": "http://localhost:8080/s3_file_data"
}
