[{"proceedingId":"1553517","proceedingNo":"106200","patentNo":null,"applicationId":"07775187","inventorName":"THERAPEUTIC NUCLEOSIDES","patryName":"FURMAN, PHILLIPA."},{"proceedingId":"1552951","proceedingNo":"105489","patentNo":"5124246","applicationId":"07340031","inventorName":"NUCLEIC ACID MULTIMERS AND AMPLIFIED NUCLEIC ACID HYBRIDIZATION ASSAYS USING SAME","patryName":"MICHAEL S. URDEA"},{"proceedingId":"1553584","proceedingNo":"106246","patentNo":"9876673","applicationId":"14315169","inventorName":"Self-Learning Automated Remediation of Changes that Cause Performance Degradation of Applications","patryName":"MARGALIT, Adar"},{"proceedingId":"1553584","proceedingNo":"106246","patentNo":"5555557","applicationId":"08338981","inventorName":"BIT-MAP IMAGE RESOLUTION CONVERTER WITH CONTROLLED COMPENSATION FOR WRITE-WHITE XEROGRAPHIC LASER PRINTING","patryName":"MAILLOUX, LOUISD."},{"proceedingId":"1553614","proceedingNo":"106267","patentNo":"9876353","applicationId":"14436507","inventorName":"METHOD AND APPARATUS FOR TRANSMITTING ELECTRICAL POWER","patryName":"ECKERT, Bernd"},{"proceedingId":"1553517","proceedingNo":"106200","patentNo":"9765461","applicationId":"14828345","inventorName":"Portable Washing Apparatus","patryName":"Thomson, JohnW."},{"proceedingId":"1552426","proceedingNo":"105108","patentNo":"5637484","applicationId":"08491844","inventorName":"METHOD OF PRODUCING A TAXANE-TYPE DITERPENE AND A METHOD OF OBTAINING CULTURED CELLS WHICH PRODUCE THE TAXANE-TYPE DITERPENE AT A HIGH RATE","patryName":"YUKIHITO YUKIMUNE"},{"proceedingId":"1553542","proceedingNo":"106225","patentNo":"9321567","applicationId":"13839887","inventorName":"CLOSURE WITH TAMPER EVIDENT PUSH-PULL TETHER","patryName":"Daggett, Barry"},{"proceedingId":"1553421","proceedingNo":"106000","patentNo":null,"applicationId":"13754093","inventorName":"METHODS, SYSTEMS AND APPARATUSES FOR THE FORMATION AND TRACKING OF LOCATION SHARING GROUPS","patryName":"RICHARD D. HANEY"},{"proceedingId":"1553604","proceedingNo":"106260","patentNo":null,"applicationId":"12345679","inventorName":"MEMORY DEVICE AND OPERATING METHOD THEREOF TEST234sdsdsd","patryName":"CHU, Hsiu-Hsien"},{"proceedingId":"1552951","proceedingNo":"105489","patentNo":null,"applicationId":"08479995","inventorName":"ASSAY METHOD UTILIZING POLYNUCLEOTIDE SEQUENCES","patryName":"ROBERT G. PERGOLIZZI"},{"proceedingId":"1553584","proceedingNo":"106246","patentNo":null,"applicationId":"10174806","inventorName":"Method of treating tumor cells by inhibiting growth factor receptor function","patryName":"Hudziak, RobertM."},{"proceedingId":"1553517","proceedingNo":"106200","patentNo":"5555557","applicationId":"08338981","inventorName":"BIT-MAP IMAGE RESOLUTION CONVERTER WITH CONTROLLED COMPENSATION FOR WRITE-WHITE XEROGRAPHIC LASER PRINTING","patryName":"MAILLOUX, LOUISD."},{"proceedingId":"1552426","proceedingNo":"105108","patentNo":null,"applicationId":"09083198","inventorName":"ENHANCED PRODUCTION OF TAXOL AND TAXANES BY CELL CULTURES OF TAXUS SPECIES","patryName":"VENKATARAMAN BRINGI"},{"proceedingId":"1553604","proceedingNo":"106260","patentNo":"9696969","applicationId":"14188922","inventorName":"MULTI LANGUAGE EDITOR","patryName":"Chouinard, Julien"},{"proceedingId":"1553614","proceedingNo":"106267","patentNo":"5555557","applicationId":"08338981","inventorName":"BIT-MAP IMAGE RESOLUTION CONVERTER WITH CONTROLLED COMPENSATION FOR WRITE-WHITE XEROGRAPHIC LASER PRINTING","patryName":"MAILLOUX, LOUISD."},{"proceedingId":"1553614","proceedingNo":"106267","patentNo":"9278272","applicationId":"14620722","inventorName":"GOLF TRAINING APPARATUS AND METHOD","patryName":"Sery, Joseph"},{"proceedingId":"1553517","proceedingNo":"106200","patentNo":"9786272","applicationId":"14574892","inventorName":"DECODER FOR SEARCHING A DIGRAPH AND GENERATING A LATTICE, DECODING METHOD, AND COMPUTER PROGRAM PRODUCT","patryName":"Nagao, Manabu"},{"proceedingId":"1553421","proceedingNo":"106000","patentNo":"8284748","applicationId":"12831956","inventorName":"AD HOC FORMATION AND TRACKING OF LOCATION-SHARING GROUPS","patryName":"HOOMAN BORGHEI"},{"proceedingId":"1553604","proceedingNo":"106260","patentNo":"9898987","applicationId":"14891422","inventorName":"Gate Driving Circuit","patryName":"DAI, Chao"},{"proceedingId":"1552991","proceedingNo":"105293","patentNo":"5468609","applicationId":"06425933","inventorName":"PRODUCTION OF INTERFERON","patryName":"MICHEL REVEL"},{"proceedingId":"1552996","proceedingNo":"105304","patentNo":null,"applicationId":"08479996","inventorName":"COMPOSITIONS COMPRISING HUMAN INTERFERON B2 (INTERLEUKIN-6 (IL-6)) SPECIES","patryName":"PRAVINKUMER B. SEHGAL"},{"proceedingId":"1552739","proceedingNo":"105302","patentNo":"9831547","applicationId":"14455171","inventorName":"METHODS AND DEVICES FOR CONFIGURING ANTENNA ARRAYS","patryName":"Powell, CharlesM."},{"proceedingId":"1553094","proceedingNo":"105886","patentNo":null,"applicationId":"12965389","inventorName":"STABLE SURFACTANT COMPOSITIONS FOR SUSPENDING COMPONENTS","patryName":"SEREN FRANTZ"},{"proceedingId":"1553542","proceedingNo":"106225","patentNo":"9631654","applicationId":"14334053","inventorName":"FASTENING MEMBER AND DEVICE HAVING THE SAME","patryName":"Liu, Tzu-Yin"},{"proceedingId":"1553604","proceedingNo":"106260","patentNo":"9879879","applicationId":"14356070","inventorName":"COGENERATION SYSTEM AND METHOD FOR CONTROLLING SAME","patryName":"Nagasato, Hiroshi"},{"proceedingId":"1553226","proceedingNo":"105800","patentNo":"7256140","applicationId":"11231031","inventorName":"HIGHER SELECTIVITY, METHOD FOR PASSIVATING SHORT CIRCUIT CURRENT PATHS IN SEMICONDUCTOR DEVICES","patryName":"JONATHAN CALL"},{"proceedingId":"1552991","proceedingNo":"105293","patentNo":null,"applicationId":"08479996","inventorName":"COMPOSITIONS COMPRISING HUMAN INTERFERON B2 (INTERLEUKIN-6 (IL-6)) SPECIES","patryName":"PRAVINKUMER B. SEHGAL"},{"proceedingId":"1552738","proceedingNo":"105303","patentNo":"5541312","applicationId":"06425934","inventorName":"PRODUCTION OF INTERFERON","patryName":"MICHEL REVEL"},{"proceedingId":"1552739","proceedingNo":"105302","patentNo":"5468607","applicationId":"06208925","inventorName":"PRODUCTION IF INTERFERON","patryName":"MICHEL REVEL"},{"proceedingId":"1553542","proceedingNo":"106225","patentNo":"9516749","applicationId":"14412395","inventorName":"ELECTRONIC COMPONENT-MOUNTED STRUCTURE, IC CARD AND COF PACKAGE","patryName":"Wada, Yoshiyuki"},{"proceedingId":"1553226","proceedingNo":"105800","patentNo":null,"applicationId":"11578359","inventorName":"LIGHT-ASSISTED ELECTROCHEMICAL SHUNT PASSIVATION FOR PHOTOVOLTAIC DEVICES","patryName":"AAROHI VIJH"},{"proceedingId":"1552876","proceedingNo":"105655","patentNo":"7211572","applicationId":"11255605","inventorName":"NITROGEN-CONTAINING FUSED RING COMPOUND AND USE THEREOF AS HIV INTEGRASE INHIBITOR","patryName":"SUSUMU MIYAZAKI"},{"proceedingId":"1552876","proceedingNo":"105655","patentNo":null,"applicationId":"10587601","inventorName":"HIV INTEGRASE INHIBITORS","patryName":"PHILIP JONES"},{"proceedingId":"1552996","proceedingNo":"105304","patentNo":"5468608","applicationId":"06425935","inventorName":"PRODUCTION OF INTERFERON","patryName":"MICHEL REVEL"},{"proceedingId":"1553094","proceedingNo":"105886","patentNo":"7737104","applicationId":"11687705","inventorName":"ENHANCED OIL DELIVERY FROM STRUCTURED SURFACTANT FORMULATIONS","patryName":"PETER R. HILLIARD"},{"proceedingId":"1552738","proceedingNo":"105303","patentNo":null,"applicationId":"08479996","inventorName":"COMPOSITIONS COMPRISING HUMAN INTERFERON B2 (INTERLEUKIN-6 (IL-6)) SPECIES","patryName":"PRAVINKUMER B. SEHGAL"},{"proceedingId":"1552739","proceedingNo":"105302","patentNo":null,"applicationId":"08479996","inventorName":"COMPOSITIONS COMPRISING HUMAN INTERFERON B2 (INTERLEUKIN-6 (IL-6)) SPECIES","patryName":"PRAVINKUMER B. SEHGAL"}]